Date,Open,High,Low,Close,Adj Close,Volume,Name
2020-01-02,158.779999,160.729996,158.330002,160.619995,159.737595,22622100,MSFT
2020-01-03,158.320007,159.949997,158.059998,158.619995,157.748581,21116200,MSFT
2020-01-06,157.080002,159.100006,156.509995,159.029999,158.156342,20813700,MSFT
2020-01-07,159.320007,159.669998,157.320007,157.580002,156.714310,21634100,MSFT
2020-01-08,158.929993,160.800003,157.949997,160.089996,159.210495,27746500,MSFT
2020-01-09,161.839996,162.220001,161.029999,162.089996,161.199509,21385000,MSFT
2020-01-10,162.820007,163.220001,161.179993,161.339996,160.453644,20725900,MSFT
2020-01-13,161.759995,163.309998,161.259995,163.279999,162.382980,21626500,MSFT
2020-01-14,163.389999,163.600006,161.720001,162.130005,161.239304,23477400,MSFT
2020-01-15,162.619995,163.940002,162.570007,163.179993,162.283539,21417900,MSFT
2020-01-16,164.350006,166.240005,164.029999,166.169998,165.257111,23865400,MSFT
2020-01-17,167.419998,167.470001,165.429993,167.100006,166.182007,34371700,MSFT
2020-01-21,166.679993,168.190002,166.429993,166.500000,165.585297,29517200,MSFT
2020-01-22,167.399994,167.490005,165.679993,165.699997,164.789688,24138800,MSFT
2020-01-23,166.190002,166.800003,165.270004,166.720001,165.804092,19680800,MSFT
2020-01-24,167.509995,167.529999,164.449997,165.039993,164.133316,24918100,MSFT
2020-01-27,161.149994,163.380005,160.199997,162.279999,161.388474,32078100,MSFT
2020-01-28,163.779999,165.759995,163.070007,165.460007,164.551025,24899900,MSFT
2020-01-29,167.839996,168.750000,165.690002,168.039993,167.116821,34754500,MSFT
2020-01-30,174.050003,174.050003,170.789993,172.779999,171.830795,51597500,MSFT
2020-01-31,172.210007,172.399994,169.580002,170.229996,169.294800,36142700,MSFT
2020-02-03,170.429993,174.500000,170.399994,174.380005,173.422012,30107000,MSFT
2020-02-04,177.139999,180.639999,176.309998,180.119995,179.130478,36433300,MSFT
2020-02-05,184.029999,184.199997,178.410004,179.899994,178.911682,39186300,MSFT
2020-02-06,180.970001,183.820007,180.059998,183.630005,182.621201,27751400,MSFT
2020-02-07,182.850006,185.630005,182.479996,183.889999,182.879761,33529100,MSFT
2020-02-10,183.580002,188.839996,183.250000,188.699997,187.663330,35844300,MSFT
2020-02-11,190.649994,190.699997,183.500000,184.440002,183.426743,53159900,MSFT
2020-02-12,185.580002,185.850006,181.850006,184.710007,183.695251,47062900,MSFT
2020-02-13,183.080002,186.229996,182.869995,183.710007,182.700760,35295800,MSFT
2020-02-14,183.250000,185.410004,182.649994,185.350006,184.331741,23149500,MSFT
2020-02-18,185.610001,187.699997,185.500000,187.229996,186.201416,27792200,MSFT
2020-02-19,188.059998,188.179993,186.470001,187.279999,186.759857,29997500,MSFT
2020-02-20,186.949997,187.250000,181.100006,184.419998,183.907806,36862400,MSFT
2020-02-21,183.169998,183.500000,177.250000,178.589996,178.093994,48572600,MSFT
2020-02-24,167.770004,174.550003,163.229996,170.889999,170.415375,68311100,MSFT
2020-02-25,174.199997,174.839996,167.649994,168.070007,167.603226,68073300,MSFT
2020-02-26,169.710007,173.259995,168.210007,170.169998,169.697372,56206100,MSFT
2020-02-27,163.320007,167.029999,157.979996,158.179993,157.740677,93033600,MSFT
2020-02-28,152.410004,163.710007,152.000000,162.009995,161.560043,97073600,MSFT
2020-03-02,165.309998,172.919998,162.309998,172.789993,172.310104,71030800,MSFT
2020-03-03,173.800003,175.000000,162.259995,164.509995,164.053101,71677000,MSFT
2020-03-04,168.490005,170.699997,165.619995,170.550003,170.076324,49814400,MSFT
2020-03-05,166.050003,170.869995,165.690002,166.270004,165.808212,47817300,MSFT
2020-03-06,162.610001,163.110001,156.000000,161.570007,161.121277,72821100,MSFT
2020-03-09,151.000000,157.750000,150.000000,150.619995,150.201675,70419300,MSFT
2020-03-10,158.160004,161.029999,152.580002,160.919998,160.473068,65354400,MSFT
2020-03-11,157.130005,157.699997,151.149994,153.630005,153.203323,56371600,MSFT
2020-03-12,145.300003,153.470001,138.580002,139.059998,138.673782,93226400,MSFT
2020-03-13,147.500000,161.910004,140.729996,158.830002,158.388870,92727400,MSFT
2020-03-16,140.000000,149.350006,135.000000,135.419998,135.043884,87905900,MSFT
2020-03-17,140.000000,147.500000,135.000000,146.570007,146.162933,81059800,MSFT
2020-03-18,138.000000,146.000000,135.020004,140.399994,140.010056,81593200,MSFT
2020-03-19,142.770004,150.149994,139.000000,142.710007,142.313660,85922700,MSFT
2020-03-20,146.000000,147.100006,135.860001,137.350006,136.968536,84866200,MSFT
2020-03-23,137.009995,140.570007,132.520004,135.979996,135.602341,78975200,MSFT
2020-03-24,143.750000,149.600006,141.270004,148.339996,147.928009,82516700,MSFT
2020-03-25,148.910004,154.330002,144.440002,146.919998,146.511948,75638200,MSFT
2020-03-26,148.399994,156.660004,148.369995,156.110001,155.676437,64568100,MSFT
2020-03-27,151.750000,154.889999,149.199997,149.699997,149.284225,57042300,MSFT
2020-03-30,152.440002,160.600006,150.009995,160.229996,159.784988,63420300,MSFT
2020-03-31,159.399994,164.779999,156.559998,157.710007,157.271988,77927200,MSFT
2020-04-01,153.000000,157.750000,150.820007,152.110001,151.687546,57969900,MSFT
2020-04-02,151.860001,155.479996,150.360001,155.259995,154.828781,49630700,MSFT
2020-04-03,155.100006,157.380005,152.190002,153.830002,153.402771,41243300,MSFT
2020-04-06,160.320007,166.500000,157.580002,165.270004,164.810989,67111700,MSFT
2020-04-07,169.589996,170.000000,163.259995,163.490005,163.035934,62769000,MSFT
2020-04-08,165.669998,166.669998,163.500000,165.130005,164.671387,48318200,MSFT
2020-04-09,166.360001,167.369995,163.330002,165.139999,164.681351,51431800,MSFT
2020-04-13,164.350006,165.570007,162.300003,165.509995,165.050323,41905300,MSFT
2020-04-14,169.000000,173.750000,168.000000,173.699997,173.217575,52874300,MSFT
2020-04-15,171.199997,173.570007,169.240005,171.880005,171.402634,40940800,MSFT
2020-04-16,174.300003,177.279999,172.899994,177.039993,176.548294,50479600,MSFT
2020-04-17,179.500000,180.000000,175.869995,178.600006,178.103973,52765600,MSFT
2020-04-20,176.630005,178.750000,174.990005,175.059998,174.573792,36669600,MSFT
2020-04-21,173.500000,173.669998,166.110001,167.820007,167.353912,56203700,MSFT
2020-04-22,171.389999,174.000000,170.820007,173.520004,173.038086,34651600,MSFT
2020-04-23,174.110001,175.059998,170.910004,171.419998,170.943909,32790800,MSFT
2020-04-24,172.059998,174.559998,170.710007,174.550003,174.065216,34305300,MSFT
2020-04-27,176.589996,176.899994,173.300003,174.050003,173.566605,33194400,MSFT
2020-04-28,175.589996,175.669998,169.389999,169.809998,169.338379,34392700,MSFT
2020-04-29,173.220001,177.679993,171.880005,177.429993,176.937210,51286600,MSFT
2020-04-30,180.000000,180.399994,176.229996,179.210007,178.712280,53661300,MSFT
2020-05-01,175.800003,178.639999,174.009995,174.570007,174.085175,39370500,MSFT
2020-05-04,174.490005,179.000000,173.800003,178.839996,178.343292,30372900,MSFT
2020-05-05,180.619995,183.649994,179.899994,180.759995,180.257965,36839200,MSFT
2020-05-06,182.080002,184.199997,181.630005,182.539993,182.033020,32139300,MSFT
2020-05-07,184.169998,184.550003,182.580002,183.600006,183.090088,28316000,MSFT
2020-05-08,184.979996,185.000000,183.360001,184.679993,184.167068,30912600,MSFT
2020-05-11,183.149994,187.509995,182.850006,186.740005,186.221359,30892700,MSFT
2020-05-12,186.800003,187.039993,182.300003,182.509995,182.003098,32038200,MSFT
2020-05-13,182.550003,184.050003,176.539993,179.750000,179.250778,44711500,MSFT
2020-05-14,177.539993,180.690002,175.679993,180.529999,180.028610,41873900,MSFT
2020-05-15,179.059998,187.059998,177.000000,183.160004,182.651306,46610400,MSFT
2020-05-18,185.750000,186.199997,183.960007,184.910004,184.396439,35306600,MSFT
2020-05-19,185.029999,186.600006,183.490005,183.630005,183.119995,26799100,MSFT
2020-05-20,184.809998,185.850006,183.940002,185.660004,185.660004,31261300,MSFT
2020-05-21,185.399994,186.669998,183.289993,183.429993,183.429993,29119500,MSFT
2020-05-22,183.190002,184.460007,182.539993,183.509995,183.509995,20826900,MSFT
2020-05-26,186.339996,186.500000,181.100006,181.570007,181.570007,36073600,MSFT
2020-05-27,180.199997,181.990005,176.600006,181.809998,181.809998,39517100,MSFT
2020-05-28,180.740005,184.149994,180.380005,181.399994,181.399994,33810200,MSFT
2020-05-29,182.729996,184.270004,180.410004,183.250000,183.250000,42146700,MSFT
2020-06-01,182.539993,183.000000,181.460007,182.830002,182.830002,22622400,MSFT
2020-06-02,184.250000,185.000000,181.350006,184.910004,184.910004,30794600,MSFT
2020-06-03,184.820007,185.940002,183.580002,185.360001,185.360001,27311000,MSFT
2020-06-04,184.300003,185.839996,182.300003,182.919998,182.919998,28761800,MSFT
2020-06-05,182.619995,187.729996,182.009995,187.199997,187.199997,39893600,MSFT
2020-06-08,185.940002,188.550003,184.440002,188.360001,188.360001,33211600,MSFT
2020-06-09,188.000000,190.699997,187.259995,189.800003,189.800003,29783900,MSFT
2020-06-10,191.130005,198.520004,191.009995,196.839996,196.839996,43872300,MSFT
2020-06-11,193.130005,195.759995,186.070007,186.270004,186.270004,52854700,MSFT
2020-06-12,190.539993,191.720001,185.179993,187.740005,187.740005,43345700,MSFT
2020-06-15,184.580002,190.820007,184.009995,188.940002,188.940002,32770200,MSFT
2020-06-16,192.889999,195.580002,191.460007,193.570007,193.570007,42556700,MSFT
2020-06-17,195.029999,196.320007,193.690002,194.240005,194.240005,25655900,MSFT
2020-06-18,194.000000,196.490005,194.000000,196.320007,196.320007,23061600,MSFT
2020-06-19,198.589996,199.289993,194.369995,195.149994,195.149994,44441100,MSFT
2020-06-22,195.789993,200.759995,195.229996,200.570007,200.570007,32818900,MSFT
2020-06-23,202.089996,203.949997,201.429993,201.910004,201.910004,30917400,MSFT
2020-06-24,201.600006,203.250000,196.559998,197.839996,197.839996,36740600,MSFT
2020-06-25,197.800003,200.610001,195.470001,200.339996,200.339996,27803900,MSFT
2020-06-26,199.729996,199.889999,194.880005,196.330002,196.330002,54675800,MSFT
2020-06-29,195.779999,198.529999,193.550003,198.440002,198.440002,26701600,MSFT
2020-06-30,197.880005,204.399994,197.740005,203.509995,203.509995,34310300,MSFT
2020-07-01,203.139999,206.350006,201.770004,204.699997,204.699997,32061200,MSFT
2020-07-02,205.679993,208.020004,205.000000,206.259995,206.259995,29315800,MSFT
2020-07-06,208.830002,211.130005,208.089996,210.699997,210.699997,31897600,MSFT
2020-07-07,210.449997,214.669998,207.990005,208.250000,208.250000,33600700,MSFT
2020-07-08,210.070007,213.259995,208.690002,212.830002,212.830002,33600000,MSFT
2020-07-09,216.330002,216.380005,211.470001,214.320007,214.320007,33121700,MSFT
2020-07-10,213.619995,214.080002,211.080002,213.669998,213.669998,26177600,MSFT
2020-07-13,214.479996,215.800003,206.500000,207.070007,207.070007,38135600,MSFT
2020-07-14,206.130005,208.850006,202.029999,208.350006,208.350006,37591800,MSFT
2020-07-15,209.559998,211.330002,205.029999,208.039993,208.039993,32179400,MSFT
2020-07-16,205.399994,205.699997,202.309998,203.919998,203.919998,29940700,MSFT
2020-07-17,204.470001,205.039993,201.389999,202.880005,202.880005,31635300,MSFT
2020-07-20,205.000000,212.300003,203.009995,211.600006,211.600006,36884800,MSFT
2020-07-21,213.660004,213.940002,208.029999,208.750000,208.750000,38105800,MSFT
2020-07-22,209.199997,212.300003,208.389999,211.750000,211.750000,49605700,MSFT
2020-07-23,207.190002,210.919998,202.149994,202.539993,202.539993,67457000,MSFT
2020-07-24,200.419998,202.860001,197.509995,201.300003,201.300003,39827000,MSFT
2020-07-27,201.470001,203.970001,200.860001,203.850006,203.850006,30160900,MSFT
2020-07-28,203.610001,204.699997,201.740005,202.020004,202.020004,23251400,MSFT
2020-07-29,202.500000,204.649994,202.009995,204.059998,204.059998,19632600,MSFT
2020-07-30,201.000000,204.460007,199.570007,203.899994,203.899994,25079600,MSFT
2020-01-02,1875.000000,1898.010010,1864.150024,1898.010010,1898.010010,4029000,AMZN
2020-01-03,1864.500000,1886.199951,1864.500000,1874.969971,1874.969971,3764400,AMZN
2020-01-06,1860.000000,1903.689941,1860.000000,1902.880005,1902.880005,4061800,AMZN
2020-01-07,1904.500000,1913.890015,1892.040039,1906.859985,1906.859985,4044900,AMZN
2020-01-08,1898.040039,1911.000000,1886.439941,1891.969971,1891.969971,3508000,AMZN
2020-01-09,1909.890015,1917.819946,1895.800049,1901.050049,1901.050049,3167300,AMZN
2020-01-10,1905.369995,1906.939941,1880.000000,1883.160034,1883.160034,2853700,AMZN
2020-01-13,1891.310059,1898.000000,1880.800049,1891.300049,1891.300049,2780800,AMZN
2020-01-14,1885.880005,1887.109985,1858.550049,1869.439941,1869.439941,3440900,AMZN
2020-01-15,1872.250000,1878.859985,1855.089966,1862.020020,1862.020020,2896600,AMZN
2020-01-16,1882.989990,1885.589966,1866.020020,1877.939941,1877.939941,2659500,AMZN
2020-01-17,1885.890015,1886.640015,1857.250000,1864.719971,1864.719971,3997300,AMZN
2020-01-21,1865.000000,1894.270020,1860.000000,1892.000000,1892.000000,3707800,AMZN
2020-01-22,1896.089966,1902.500000,1883.339966,1887.459961,1887.459961,3216300,AMZN
2020-01-23,1885.109985,1889.979980,1872.760010,1884.579956,1884.579956,2484600,AMZN
2020-01-24,1891.369995,1894.989990,1847.439941,1861.640015,1861.640015,3766200,AMZN
2020-01-27,1820.000000,1841.000000,1815.339966,1828.339966,1828.339966,3528500,AMZN
2020-01-28,1840.500000,1858.109985,1830.020020,1853.250000,1853.250000,2808000,AMZN
2020-01-29,1864.000000,1874.750000,1855.020020,1858.000000,1858.000000,2088000,AMZN
2020-01-30,1858.000000,1872.869995,1850.609985,1870.680054,1870.680054,6327400,AMZN
2020-01-31,2051.469971,2055.719971,2002.270020,2008.719971,2008.719971,15567300,AMZN
2020-02-03,2010.599976,2048.500000,2000.250000,2004.199951,2004.199951,5891700,AMZN
2020-02-04,2029.880005,2059.800049,2015.369995,2049.669922,2049.669922,5289300,AMZN
2020-02-05,2071.020020,2071.020020,2032.000000,2039.869995,2039.869995,4376200,AMZN
2020-02-06,2041.020020,2056.300049,2024.800049,2050.229980,2050.229980,3183000,AMZN
2020-02-07,2041.989990,2098.530029,2038.099976,2079.280029,2079.280029,5095300,AMZN
2020-02-10,2085.010010,2135.600098,2084.959961,2133.909912,2133.909912,5056200,AMZN
2020-02-11,2150.899902,2185.949951,2136.000000,2150.800049,2150.800049,5746000,AMZN
2020-02-12,2163.199951,2180.250000,2155.290039,2160.000000,2160.000000,3334300,AMZN
2020-02-13,2144.989990,2170.280029,2142.000000,2149.870117,2149.870117,3031800,AMZN
2020-02-14,2155.679932,2159.040039,2125.889893,2134.870117,2134.870117,2606200,AMZN
2020-02-18,2125.020020,2166.070068,2124.110107,2155.669922,2155.669922,2945600,AMZN
2020-02-19,2167.800049,2185.100098,2161.120117,2170.219971,2170.219971,2561200,AMZN
2020-02-20,2173.070068,2176.790039,2127.449951,2153.100098,2153.100098,3131300,AMZN
2020-02-21,2142.149902,2144.550049,2088.000000,2095.969971,2095.969971,4646300,AMZN
2020-02-24,2003.180054,2039.300049,1987.969971,2009.290039,2009.290039,6547000,AMZN
2020-02-25,2026.420044,2034.599976,1958.420044,1972.739990,1972.739990,6219100,AMZN
2020-02-26,1970.280029,2014.670044,1960.449951,1979.589966,1979.589966,5224600,AMZN
2020-02-27,1934.380005,1975.000000,1882.760010,1884.300049,1884.300049,8112100,AMZN
2020-02-28,1814.630005,1889.760010,1811.130005,1883.750000,1883.750000,9493800,AMZN
2020-03-02,1906.489990,1954.510010,1870.000000,1953.949951,1953.949951,6761700,AMZN
2020-03-03,1975.369995,1996.329956,1888.089966,1908.989990,1908.989990,7534500,AMZN
2020-03-04,1946.569946,1978.000000,1922.000000,1975.829956,1975.829956,4772900,AMZN
2020-03-05,1933.000000,1960.719971,1910.000000,1924.030029,1924.030029,4748200,AMZN
2020-03-06,1875.000000,1910.869995,1869.500000,1901.089966,1901.089966,5273600,AMZN
2020-03-09,1773.859985,1862.770020,1761.290039,1800.609985,1800.609985,7813200,AMZN
2020-03-10,1870.880005,1894.270020,1818.170044,1891.819946,1891.819946,7133300,AMZN
2020-03-11,1857.849976,1871.319946,1801.500000,1820.859985,1820.859985,5624800,AMZN
2020-03-12,1721.979980,1765.000000,1675.000000,1676.609985,1676.609985,11346200,AMZN
2020-03-13,1755.000000,1786.310059,1680.619995,1785.000000,1785.000000,8809700,AMZN
2020-03-16,1641.510010,1759.449951,1626.030029,1689.150024,1689.150024,8917300,AMZN
2020-03-17,1775.469971,1857.780029,1689.239990,1807.839966,1807.839966,10917100,AMZN
2020-03-18,1750.000000,1841.660034,1745.000000,1830.000000,1830.000000,9645200,AMZN
2020-03-19,1860.000000,1945.000000,1832.650024,1880.930054,1880.930054,10399900,AMZN
2020-03-20,1926.310059,1957.000000,1820.729980,1846.089966,1846.089966,9817900,AMZN
2020-03-23,1827.750000,1919.400024,1812.000000,1902.829956,1902.829956,7808500,AMZN
2020-03-24,1951.500000,1955.000000,1900.339966,1940.099976,1940.099976,7147100,AMZN
2020-03-25,1920.689941,1950.260010,1885.780029,1885.839966,1885.839966,6479100,AMZN
2020-03-26,1902.000000,1956.489990,1889.290039,1955.489990,1955.489990,6221300,AMZN
2020-03-27,1930.859985,1939.790039,1899.920044,1900.099976,1900.099976,5387900,AMZN
2020-03-30,1922.829956,1973.630005,1912.339966,1963.949951,1963.949951,6126100,AMZN
2020-03-31,1964.349976,1993.020020,1944.010010,1949.719971,1949.719971,5123600,AMZN
2020-04-01,1932.969971,1944.959961,1893.000000,1907.699951,1907.699951,4121900,AMZN
2020-04-02,1901.640015,1927.530029,1890.000000,1918.829956,1918.829956,4336000,AMZN
2020-04-03,1911.150024,1926.329956,1889.150024,1906.589966,1906.589966,3609900,AMZN
2020-04-06,1936.000000,1998.520020,1930.020020,1997.589966,1997.589966,5773200,AMZN
2020-04-07,2017.109985,2035.719971,1997.619995,2011.599976,2011.599976,5114000,AMZN
2020-04-08,2021.000000,2044.000000,2011.150024,2043.000000,2043.000000,3977300,AMZN
2020-04-09,2044.300049,2053.000000,2017.660034,2042.760010,2042.760010,4655600,AMZN
2020-04-13,2040.000000,2180.000000,2038.000000,2168.870117,2168.870117,6716700,AMZN
2020-04-14,2200.469971,2292.000000,2186.209961,2283.320068,2283.320068,8087200,AMZN
2020-04-15,2257.679932,2333.370117,2245.000000,2307.679932,2307.679932,6866600,AMZN
2020-04-16,2346.000000,2461.000000,2335.000000,2408.189941,2408.189941,12038200,AMZN
2020-04-17,2372.330078,2400.000000,2316.020020,2375.000000,2375.000000,7930000,AMZN
2020-04-20,2389.949951,2444.979980,2386.050049,2393.610107,2393.610107,5770700,AMZN
2020-04-21,2416.610107,2428.310059,2279.659912,2328.120117,2328.120117,7476700,AMZN
2020-04-22,2369.000000,2394.000000,2351.000000,2363.489990,2363.489990,4218300,AMZN
2020-04-23,2399.979980,2424.219971,2382.080078,2399.449951,2399.449951,5066600,AMZN
2020-04-24,2417.000000,2420.429932,2382.000000,2410.219971,2410.219971,3831800,AMZN
2020-04-27,2443.199951,2444.879883,2363.000000,2376.000000,2376.000000,5645600,AMZN
2020-04-28,2372.100098,2373.500000,2306.000000,2314.080078,2314.080078,5269400,AMZN
2020-04-29,2330.010010,2391.889893,2310.000000,2372.709961,2372.709961,4591600,AMZN
2020-04-30,2419.840088,2475.000000,2396.010010,2474.000000,2474.000000,9415000,AMZN
2020-05-01,2336.800049,2362.439941,2258.189941,2286.040039,2286.040039,9772600,AMZN
2020-05-04,2256.379883,2326.979980,2256.379883,2315.989990,2315.989990,4865900,AMZN
2020-05-05,2340.000000,2351.000000,2307.129883,2317.800049,2317.800049,3242500,AMZN
2020-05-06,2329.439941,2357.449951,2320.000000,2351.260010,2351.260010,3117800,AMZN
2020-05-07,2374.780029,2376.000000,2343.110107,2367.610107,2367.610107,3396400,AMZN
2020-05-08,2372.139893,2387.239990,2357.000000,2379.610107,2379.610107,3211200,AMZN
2020-05-11,2374.699951,2419.669922,2372.110107,2409.000000,2409.000000,3253700,AMZN
2020-05-12,2411.850098,2419.000000,2355.000000,2356.949951,2356.949951,3074900,AMZN
2020-05-13,2366.800049,2407.699951,2337.800049,2367.919922,2367.919922,4782900,AMZN
2020-05-14,2361.010010,2391.370117,2353.209961,2388.850098,2388.850098,3648100,AMZN
2020-05-15,2368.520020,2411.000000,2356.370117,2409.780029,2409.780029,4235000,AMZN
2020-05-18,2404.350098,2433.000000,2384.010010,2426.260010,2426.260010,4366600,AMZN
2020-05-19,2429.830078,2485.000000,2428.969971,2449.330078,2449.330078,4320500,AMZN
2020-05-20,2477.870117,2500.010010,2467.270020,2497.939941,2497.939941,3998100,AMZN
2020-05-21,2500.000000,2525.449951,2442.540039,2446.739990,2446.739990,5114400,AMZN
2020-05-22,2455.010010,2469.850098,2430.129883,2436.879883,2436.879883,2867100,AMZN
2020-05-26,2458.000000,2462.000000,2414.060059,2421.860107,2421.860107,3568200,AMZN
2020-05-27,2404.989990,2413.580078,2330.000000,2410.389893,2410.389893,5056900,AMZN
2020-05-28,2384.330078,2436.969971,2378.229980,2401.100098,2401.100098,3190200,AMZN
2020-05-29,2415.939941,2442.370117,2398.199951,2442.370117,2442.370117,3529300,AMZN
2020-06-01,2448.000000,2476.929932,2444.169922,2471.040039,2471.040039,2928900,AMZN
2020-06-02,2467.000000,2473.530029,2445.310059,2472.409912,2472.409912,2529900,AMZN
2020-06-03,2468.010010,2488.000000,2461.169922,2478.399902,2478.399902,2671000,AMZN
2020-06-04,2477.429932,2507.540039,2450.010010,2460.600098,2460.600098,2948700,AMZN
2020-06-05,2444.510010,2488.649902,2437.129883,2483.000000,2483.000000,3306400,AMZN
2020-06-08,2500.199951,2530.000000,2487.340088,2524.060059,2524.060059,3970700,AMZN
2020-06-09,2529.439941,2626.429932,2525.000000,2600.860107,2600.860107,5176000,AMZN
2020-06-10,2645.000000,2722.350098,2626.260010,2647.449951,2647.449951,4946000,AMZN
2020-06-11,2603.500000,2671.379883,2536.229980,2557.959961,2557.959961,5800100,AMZN
2020-06-12,2601.209961,2621.479980,2503.350098,2545.020020,2545.020020,5429600,AMZN
2020-06-15,2526.600098,2584.000000,2508.000000,2572.679932,2572.679932,3865100,AMZN
2020-06-16,2620.000000,2620.000000,2576.000000,2615.270020,2615.270020,3585600,AMZN
2020-06-17,2647.500000,2655.000000,2631.820068,2640.979980,2640.979980,2951100,AMZN
2020-06-18,2647.010010,2659.639893,2636.110107,2653.979980,2653.979980,2487800,AMZN
2020-06-19,2678.080078,2697.429932,2659.000000,2675.010010,2675.010010,5777000,AMZN
2020-06-22,2684.500000,2715.000000,2669.000000,2713.820068,2713.820068,3208800,AMZN
2020-06-23,2726.020020,2783.110107,2718.040039,2764.409912,2764.409912,4231700,AMZN
2020-06-24,2780.000000,2796.000000,2721.000000,2734.399902,2734.399902,4526600,AMZN
2020-06-25,2739.550049,2756.229980,2712.139893,2754.580078,2754.580078,2968700,AMZN
2020-06-26,2775.060059,2782.570068,2688.000000,2692.870117,2692.870117,6500800,AMZN
2020-06-29,2690.010010,2696.800049,2630.080078,2680.379883,2680.379883,4223400,AMZN
2020-06-30,2685.070068,2769.629883,2675.030029,2758.820068,2758.820068,3769700,AMZN
2020-07-01,2757.989990,2895.000000,2754.000000,2878.699951,2878.699951,6363400,AMZN
2020-07-02,2912.010010,2955.560059,2871.100098,2890.300049,2890.300049,6593400,AMZN
2020-07-06,2934.969971,3059.879883,2930.000000,3057.040039,3057.040039,6880600,AMZN
2020-07-07,3058.550049,3069.550049,2990.000000,3000.120117,3000.120117,5257500,AMZN
2020-07-08,3022.610107,3083.969971,3012.429932,3081.110107,3081.110107,5037600,AMZN
2020-07-09,3115.989990,3193.879883,3074.000000,3182.629883,3182.629883,6388700,AMZN
2020-07-10,3191.760010,3215.000000,3135.699951,3200.000000,3200.000000,5486000,AMZN
2020-07-13,3251.060059,3344.290039,3068.389893,3104.000000,3104.000000,7720400,AMZN
2020-07-14,3089.000000,3127.379883,2950.000000,3084.000000,3084.000000,7231900,AMZN
2020-07-15,3080.229980,3098.350098,2973.179932,3008.870117,3008.870117,5788900,AMZN
2020-07-16,2971.060059,3032.000000,2918.229980,2999.899902,2999.899902,6394200,AMZN
2020-07-17,3009.000000,3024.000000,2948.449951,2961.969971,2961.969971,4761300,AMZN
2020-07-20,3000.199951,3201.360107,2994.020020,3196.840088,3196.840088,7598200,AMZN
2020-07-21,3232.489990,3240.580078,3105.719971,3138.290039,3138.290039,6135000,AMZN
2020-07-22,3125.000000,3150.000000,3065.260010,3099.909912,3099.909912,4104200,AMZN
2020-07-23,3098.270020,3098.270020,2970.000000,2986.550049,2986.550049,5656900,AMZN
2020-07-24,2930.000000,3031.580078,2888.000000,3008.909912,3008.909912,5632400,AMZN
2020-07-27,3062.000000,3098.000000,3015.770020,3055.209961,3055.209961,4170500,AMZN
2020-07-28,3054.270020,3077.090088,2995.760010,3000.330078,3000.330078,3126700,AMZN
2020-07-29,3030.989990,3039.159912,2996.770020,3033.530029,3033.530029,2974100,AMZN
2020-07-30,3014.000000,3092.000000,3005.000000,3051.879883,3051.879883,6128300,AMZN
2020-01-02,206.750000,209.789993,206.270004,209.779999,209.779999,12077100,FB
2020-01-03,207.210007,210.399994,206.949997,208.669998,208.669998,11188400,FB
2020-01-06,206.699997,212.779999,206.520004,212.600006,212.600006,17058900,FB
2020-01-07,212.820007,214.580002,211.750000,213.059998,213.059998,14912400,FB
2020-01-08,213.000000,216.240005,212.610001,215.220001,215.220001,13475000,FB
2020-01-09,217.539993,218.380005,216.279999,218.300003,218.300003,12642800,FB
2020-01-10,219.199997,219.880005,217.419998,218.059998,218.059998,12119400,FB
2020-01-13,219.600006,221.970001,219.210007,221.910004,221.910004,14463400,FB
2020-01-14,221.610001,222.380005,218.630005,219.059998,219.059998,13288900,FB
2020-01-15,220.610001,221.679993,220.139999,221.149994,221.149994,10036500,FB
2020-01-16,222.570007,222.630005,220.389999,221.770004,221.770004,10015300,FB
2020-01-17,222.029999,222.289993,220.529999,222.139999,222.139999,15905900,FB
2020-01-21,222.160004,222.369995,219.119995,221.440002,221.440002,14275800,FB
2020-01-22,222.309998,222.750000,221.279999,221.320007,221.320007,12212800,FB
2020-01-23,220.750000,221.490005,219.270004,219.759995,219.759995,11195000,FB
2020-01-24,220.800003,221.779999,216.110001,217.940002,217.940002,11905800,FB
2020-01-27,213.100006,216.059998,212.500000,214.869995,214.869995,13810700,FB
2020-01-28,216.139999,218.740005,213.520004,217.789993,217.789993,13413800,FB
2020-01-29,221.440002,224.199997,218.449997,223.229996,223.229996,33181300,FB
2020-01-30,206.529999,211.429993,204.750000,209.529999,209.529999,48775500,FB
2020-01-31,208.429993,208.690002,201.059998,201.910004,201.910004,31359900,FB
2020-02-03,203.440002,205.139999,202.500000,204.190002,204.190002,15495600,FB
2020-02-04,206.619995,210.600006,205.199997,209.830002,209.830002,19628900,FB
2020-02-05,212.509995,212.729996,208.710007,210.110001,210.110001,12538200,FB
2020-02-06,210.470001,211.190002,209.339996,210.850006,210.850006,10567500,FB
2020-02-07,210.300003,212.820007,209.929993,212.330002,212.330002,12242500,FB
2020-02-10,211.520004,213.800003,210.660004,213.059998,213.059998,11856400,FB
2020-02-11,210.190002,210.860001,206.509995,207.190002,207.190002,25030800,FB
2020-02-12,207.850006,211.220001,207.399994,210.759995,210.759995,13813700,FB
2020-02-13,209.520004,214.330002,209.179993,213.139999,213.139999,15396600,FB
2020-02-14,214.000000,214.929993,212.649994,214.179993,214.179993,10741700,FB
2020-02-18,213.550003,217.979996,213.399994,217.800003,217.800003,15609200,FB
2020-02-19,217.990005,218.320007,216.110001,217.490005,217.490005,12135100,FB
2020-02-20,216.520004,218.770004,212.949997,214.580002,214.580002,13109200,FB
2020-02-21,213.479996,214.240005,208.830002,210.179993,210.179993,14092300,FB
2020-02-24,201.800003,203.649994,198.169998,200.720001,200.720001,23080100,FB
2020-02-25,202.250000,203.500000,195.949997,196.770004,196.770004,21433500,FB
2020-02-26,197.190002,201.210007,195.490005,197.199997,197.199997,16524500,FB
2020-02-27,191.820007,195.880005,189.500000,189.750000,189.750000,21641800,FB
2020-02-28,182.699997,192.740005,181.820007,192.470001,192.470001,32583500,FB
2020-03-02,194.029999,196.570007,188.850006,196.440002,196.440002,24949000,FB
2020-03-03,196.220001,197.240005,183.970001,185.889999,185.889999,27984100,FB
2020-03-04,189.169998,191.830002,186.389999,191.759995,191.759995,23062500,FB
2020-03-05,186.779999,188.990005,183.889999,185.169998,185.169998,19333400,FB
2020-03-06,178.330002,183.779999,176.259995,181.089996,181.089996,24559600,FB
2020-03-09,169.600006,175.000000,165.190002,169.500000,169.500000,29949000,FB
2020-03-10,174.669998,178.289993,169.500000,178.190002,178.190002,24517800,FB
2020-03-11,174.009995,175.880005,167.660004,170.240005,170.240005,20373900,FB
2020-03-12,159.539993,166.600006,154.339996,154.470001,154.470001,43266300,FB
2020-03-13,163.529999,170.789993,157.600006,170.279999,170.279999,35028600,FB
2020-03-16,152.320007,159.130005,143.100006,146.009995,146.009995,39120400,FB
2020-03-17,150.740005,153.940002,140.000000,149.419998,149.419998,34255600,FB
2020-03-18,139.750000,148.179993,137.100006,146.960007,146.960007,37553100,FB
2020-03-19,146.619995,159.929993,144.800003,153.130005,153.130005,39862300,FB
2020-03-20,156.020004,159.270004,148.000000,149.729996,149.729996,32568400,FB
2020-03-23,149.660004,152.309998,142.250000,148.100006,148.100006,29830800,FB
2020-03-24,155.210007,161.309998,152.570007,160.979996,160.979996,30440400,FB
2020-03-25,158.919998,162.990005,153.059998,156.210007,156.210007,35184300,FB
2020-03-26,158.250000,164.000000,157.020004,163.339996,163.339996,26556800,FB
2020-03-27,158.199997,160.089996,154.750000,156.789993,156.789993,24879900,FB
2020-03-30,159.179993,166.750000,158.059998,165.949997,165.949997,22515200,FB
2020-03-31,165.479996,170.929993,164.199997,166.800003,166.800003,23676300,FB
2020-04-01,161.619995,164.149994,158.039993,159.600006,159.600006,19507600,FB
2020-04-02,159.100006,161.350006,155.919998,158.190002,158.190002,20886300,FB
2020-04-03,157.149994,157.910004,150.830002,154.179993,154.179993,25983300,FB
2020-04-06,160.149994,166.199997,158.509995,165.550003,165.550003,28453600,FB
2020-04-07,171.789993,173.389999,166.009995,168.830002,168.830002,31411900,FB
2020-04-08,171.250000,175.000000,167.740005,174.279999,174.279999,21664200,FB
2020-04-09,175.899994,177.080002,171.570007,175.190002,175.190002,23534300,FB
2020-04-13,173.669998,175.000000,169.449997,174.789993,174.789993,19355400,FB
2020-04-14,178.979996,181.229996,176.619995,178.169998,178.169998,21011800,FB
2020-04-15,175.190002,178.190002,172.820007,176.970001,176.970001,17423000,FB
2020-04-16,177.949997,178.050003,172.509995,176.250000,176.250000,23593200,FB
2020-04-17,179.199997,180.279999,176.660004,179.240005,179.240005,20974800,FB
2020-04-20,177.410004,180.500000,176.770004,178.240005,178.240005,16110700,FB
2020-04-21,175.250000,175.380005,168.339996,170.800003,170.800003,24850500,FB
2020-04-22,178.449997,184.779999,178.139999,182.279999,182.279999,33369900,FB
2020-04-23,184.080002,187.050003,183.149994,185.130005,185.130005,21426600,FB
2020-04-24,183.229996,190.410004,180.830002,190.070007,190.070007,28868500,FB
2020-04-27,192.660004,193.750000,187.410004,187.500000,187.500000,29197800,FB
2020-04-28,188.660004,189.199997,182.559998,182.910004,182.910004,21731000,FB
2020-04-29,190.929993,196.910004,190.000000,194.190002,194.190002,45954500,FB
2020-04-30,206.919998,209.690002,201.570007,204.710007,204.710007,46173300,FB
2020-05-01,201.600006,207.279999,199.050003,202.270004,202.270004,30415600,FB
2020-05-04,200.199997,205.910004,198.759995,205.259995,205.259995,19250700,FB
2020-05-05,207.020004,210.380005,206.500000,207.070007,207.070007,21071200,FB
2020-05-06,208.119995,211.600006,206.660004,208.470001,208.470001,21857000,FB
2020-05-07,211.160004,211.600006,209.039993,211.259995,211.259995,15152000,FB
2020-05-08,212.240005,213.210007,210.850006,212.350006,212.350006,12524000,FB
2020-05-11,210.889999,215.000000,210.369995,213.179993,213.179993,12893100,FB
2020-05-12,213.289993,215.279999,210.000000,210.100006,210.100006,14704600,FB
2020-05-13,209.429993,210.779999,202.110001,205.100006,205.100006,20684600,FB
2020-05-14,202.559998,206.929993,200.690002,206.809998,206.809998,17178900,FB
2020-05-15,205.270004,211.339996,204.119995,210.880005,210.880005,19383200,FB
2020-05-18,212.149994,214.639999,210.940002,213.190002,213.190002,20167400,FB
2020-05-19,213.270004,220.490005,212.830002,216.880005,216.880005,31843200,FB
2020-05-20,223.500000,231.339996,223.190002,229.970001,229.970001,50162900,FB
2020-05-21,234.720001,237.199997,231.199997,231.389999,231.389999,47782600,FB
2020-05-22,231.509995,235.990005,228.740005,234.910004,234.910004,33925600,FB
2020-05-26,239.770004,240.899994,231.669998,232.199997,232.199997,33178300,FB
2020-05-27,229.070007,230.559998,221.130005,229.139999,229.139999,34697600,FB
2020-05-28,224.300003,231.630005,224.000000,225.460007,225.460007,29377200,FB
2020-05-29,225.199997,227.490005,222.880005,225.089996,225.089996,23322500,FB
2020-06-01,224.589996,232.440002,223.500000,231.910004,231.910004,18223800,FB
2020-06-02,230.940002,233.000000,226.559998,232.720001,232.720001,20919000,FB
2020-06-03,232.110001,232.649994,228.529999,230.160004,230.160004,15380300,FB
2020-06-04,229.559998,231.630005,224.610001,226.289993,226.289993,17041500,FB
2020-06-05,226.710007,231.350006,225.309998,230.770004,230.770004,16750400,FB
2020-06-08,229.029999,231.550003,227.410004,231.399994,231.399994,15466500,FB
2020-06-09,231.520004,239.770004,230.410004,238.669998,238.669998,27462900,FB
2020-06-10,240.960007,241.210007,235.279999,236.729996,236.729996,20720700,FB
2020-06-11,229.940002,232.889999,223.550003,224.429993,224.429993,26708200,FB
2020-06-12,229.899994,231.660004,224.500000,228.580002,228.580002,22071700,FB
2020-06-15,225.089996,233.770004,224.800003,232.500000,232.500000,15340300,FB
2020-06-16,237.139999,238.460007,233.000000,235.649994,235.649994,15236700,FB
2020-06-17,235.000000,237.589996,231.729996,235.529999,235.529999,19552800,FB
2020-06-18,234.990005,236.139999,232.149994,235.940002,235.940002,15782500,FB
2020-06-19,237.789993,240.830002,235.550003,238.789993,238.789993,30081300,FB
2020-06-22,238.559998,240.699997,236.910004,239.220001,239.220001,18917800,FB
2020-06-23,241.279999,245.190002,239.860001,242.240005,242.240005,24017900,FB
2020-06-24,241.199997,243.220001,232.679993,234.020004,234.020004,20834900,FB
2020-06-25,234.619995,237.300003,232.740005,235.679993,235.679993,18704300,FB
2020-06-26,232.639999,233.089996,215.399994,216.080002,216.080002,76343900,FB
2020-06-29,209.750000,220.750000,207.110001,220.639999,220.639999,58514300,FB
2020-06-30,220.589996,227.500000,218.470001,227.070007,227.070007,33927100,FB
2020-07-01,228.500000,239.000000,227.559998,237.550003,237.550003,43399700,FB
2020-07-02,239.000000,240.000000,232.610001,233.419998,233.419998,30633600,FB
2020-07-06,233.759995,240.399994,232.270004,240.279999,240.279999,26206200,FB
2020-07-07,239.410004,247.649994,238.820007,240.860001,240.860001,27887800,FB
2020-07-08,238.110001,246.990005,236.589996,243.580002,243.580002,29791300,FB
2020-07-09,245.000000,246.529999,239.240005,244.500000,244.500000,22174900,FB
2020-07-10,243.690002,245.490005,239.320007,245.070007,245.070007,22982700,FB
2020-07-13,247.009995,250.149994,238.419998,239.000000,239.000000,24674900,FB
2020-07-14,236.759995,240.330002,232.029999,239.729996,239.729996,23378100,FB
2020-07-15,241.550003,244.820007,238.050003,240.279999,240.279999,19133600,FB
2020-07-16,238.000000,241.759995,236.330002,240.929993,240.929993,18880700,FB
2020-07-17,241.000000,244.160004,237.860001,242.029999,242.029999,18152400,FB
2020-07-20,240.059998,246.050003,235.639999,245.419998,245.419998,20872200,FB
2020-07-21,246.220001,246.910004,240.080002,241.750000,241.750000,19409700,FB
2020-07-22,240.259995,241.899994,238.119995,239.869995,239.869995,15427900,FB
2020-07-23,239.630005,242.419998,231.750000,232.600006,232.600006,21771800,FB
2020-07-24,230.190002,233.490005,226.899994,230.710007,230.710007,18325800,FB
2020-07-27,231.460007,234.949997,230.830002,233.500000,233.500000,13163100,FB
2020-07-28,234.630005,234.960007,229.830002,230.119995,230.119995,14170100,FB
2020-07-29,231.139999,233.699997,230.309998,233.289993,233.289993,13588300,FB
2020-07-30,230.220001,234.889999,229.000000,234.500000,234.500000,20615300,FB
2020-01-02,1348.410034,1368.680054,1346.489990,1368.680054,1368.680054,1363900,GOOGL
2020-01-03,1348.000000,1373.750000,1347.319946,1361.520020,1361.520020,1170400,GOOGL
2020-01-06,1351.630005,1398.319946,1351.000000,1397.810059,1397.810059,2338400,GOOGL
2020-01-07,1400.459961,1403.500000,1391.560059,1395.109985,1395.109985,1716500,GOOGL
2020-01-08,1394.819946,1411.849976,1392.630005,1405.040039,1405.040039,1765700,GOOGL
2020-01-09,1421.930054,1428.680054,1410.209961,1419.790039,1419.790039,1660000,GOOGL
2020-01-10,1429.469971,1434.939941,1419.599976,1428.959961,1428.959961,1312900,GOOGL
2020-01-13,1435.250000,1441.479980,1425.369995,1440.030029,1440.030029,1536500,GOOGL
2020-01-14,1440.000000,1442.630005,1427.770020,1430.589966,1430.589966,1303800,GOOGL
2020-01-15,1433.020020,1440.780029,1431.660034,1439.199951,1439.199951,1077500,GOOGL
2020-01-16,1445.449951,1450.699951,1440.000000,1450.160034,1450.160034,1304000,GOOGL
2020-01-17,1462.540039,1480.550049,1456.550049,1479.520020,1479.520020,2621200,GOOGL
2020-01-21,1479.000000,1489.880005,1470.209961,1482.250000,1482.250000,2446500,GOOGL
2020-01-22,1489.729980,1500.579956,1482.660034,1483.869995,1483.869995,1422900,GOOGL
2020-01-23,1487.550049,1493.500000,1480.319946,1484.689941,1484.689941,1332500,GOOGL
2020-01-24,1492.819946,1494.199951,1463.180054,1466.170044,1466.170044,1489300,GOOGL
2020-01-27,1431.540039,1436.579956,1419.500000,1431.729980,1431.729980,1706600,GOOGL
2020-01-28,1441.739990,1454.800049,1430.359985,1450.500000,1450.500000,1486200,GOOGL
2020-01-29,1458.459961,1464.140015,1445.390015,1456.699951,1456.699951,1078300,GOOGL
2020-01-30,1438.099976,1455.250000,1435.000000,1454.250000,1454.250000,1355500,GOOGL
2020-01-31,1467.859985,1469.670044,1427.060059,1432.780029,1432.780029,2191100,GOOGL
2020-02-03,1461.650024,1486.300049,1456.609985,1482.599976,1482.599976,3581800,GOOGL
2020-02-04,1454.489990,1467.339966,1422.030029,1445.410034,1445.410034,4794000,GOOGL
2020-02-05,1463.609985,1464.579956,1429.680054,1446.050049,1446.050049,1818800,GOOGL
2020-02-06,1451.979980,1481.560059,1450.479980,1475.969971,1475.969971,1891100,GOOGL
2020-02-07,1467.390015,1485.250000,1465.410034,1479.109985,1479.109985,1418000,GOOGL
2020-02-10,1477.229980,1508.880005,1475.199951,1508.660034,1508.660034,1915100,GOOGL
2020-02-11,1513.270020,1529.880005,1505.449951,1510.060059,1510.060059,1742600,GOOGL
2020-02-12,1515.859985,1520.300049,1508.670044,1518.630005,1518.630005,1552100,GOOGL
2020-02-13,1510.000000,1525.949951,1504.000000,1513.390015,1513.390015,1145700,GOOGL
2020-02-14,1514.530029,1520.050049,1505.550049,1518.729980,1518.729980,1159900,GOOGL
2020-02-18,1514.339966,1530.560059,1511.010010,1519.439941,1519.439941,1282100,GOOGL
2020-02-19,1527.199951,1530.739990,1520.979980,1524.869995,1524.869995,1137300,GOOGL
2020-02-20,1519.010010,1527.069946,1504.260010,1516.989990,1516.989990,1298100,GOOGL
2020-02-21,1504.579956,1510.949951,1478.489990,1483.459961,1483.459961,2126000,GOOGL
2020-02-24,1423.050049,1436.380005,1406.790039,1419.859985,1419.859985,2478000,GOOGL
2020-02-25,1431.000000,1436.849976,1380.420044,1386.319946,1386.319946,2579000,GOOGL
2020-02-26,1394.979980,1413.670044,1376.550049,1390.469971,1390.469971,2488800,GOOGL
2020-02-27,1359.140015,1369.400024,1314.239990,1314.949951,1314.949951,3110900,GOOGL
2020-02-28,1274.310059,1342.449951,1268.209961,1339.250000,1339.250000,4010900,GOOGL
2020-03-02,1351.390015,1387.469971,1325.199951,1386.319946,1386.319946,2771500,GOOGL
2020-03-03,1397.680054,1408.189941,1329.239990,1337.719971,1337.719971,2830100,GOOGL
2020-03-04,1358.959961,1382.780029,1337.000000,1381.599976,1381.599976,2379900,GOOGL
2020-03-05,1345.550049,1353.630005,1301.640015,1314.760010,1314.760010,2719000,GOOGL
2020-03-06,1269.949951,1302.750000,1257.209961,1295.739990,1295.739990,3232000,GOOGL
2020-03-09,1204.959961,1252.729980,1198.040039,1215.790039,1215.790039,3462600,GOOGL
2020-03-10,1254.390015,1275.849976,1214.510010,1275.170044,1275.170044,2743600,GOOGL
2020-03-11,1248.270020,1256.930054,1191.140015,1210.900024,1210.900024,2736600,GOOGL
2020-03-12,1122.619995,1188.750000,1108.469971,1111.550049,1111.550049,4716300,GOOGL
2020-03-13,1174.989990,1214.400024,1112.290039,1214.270020,1214.270020,3970000,GOOGL
2020-03-16,1089.609985,1145.469971,1067.079956,1073.000000,1073.000000,4826000,GOOGL
2020-03-17,1090.640015,1126.000000,1049.099976,1118.060059,1118.060059,4159700,GOOGL
2020-03-18,1059.939941,1104.989990,1037.000000,1091.189941,1091.189941,4652200,GOOGL
2020-03-19,1088.219971,1152.609985,1055.550049,1111.670044,1111.670044,3703200,GOOGL
2020-03-20,1130.900024,1138.479980,1062.099976,1068.209961,1068.209961,4143900,GOOGL
2020-03-23,1056.369995,1066.910034,1008.869995,1054.130005,1054.130005,4183600,GOOGL
2020-03-24,1103.979980,1133.329956,1086.430054,1130.010010,1130.010010,3623400,GOOGL
2020-03-25,1124.579956,1146.170044,1083.010010,1101.619995,1101.619995,4516200,GOOGL
2020-03-26,1114.719971,1171.479980,1092.030029,1162.920044,1162.920044,3828100,GOOGL
2020-03-27,1127.469971,1151.050049,1104.000000,1110.260010,1110.260010,3139700,GOOGL
2020-03-30,1132.640015,1151.000000,1098.489990,1146.310059,1146.310059,2936800,GOOGL
2020-03-31,1148.729980,1173.400024,1136.719971,1161.949951,1161.949951,3261400,GOOGL
2020-04-01,1124.000000,1129.420044,1093.489990,1102.099976,1102.099976,2598500,GOOGL
2020-04-02,1100.000000,1122.770020,1093.130005,1117.030029,1117.030029,2820500,GOOGL
2020-04-03,1114.709961,1118.790039,1075.079956,1092.699951,1092.699951,2568700,GOOGL
2020-04-06,1133.000000,1190.750000,1125.000000,1183.189941,1183.189941,3166000,GOOGL
2020-04-07,1217.010010,1220.780029,1177.250000,1182.560059,1182.560059,3081000,GOOGL
2020-04-08,1203.099976,1214.900024,1183.949951,1207.000000,1207.000000,2016700,GOOGL
2020-04-09,1218.180054,1221.989990,1192.420044,1206.569946,1206.569946,2701400,GOOGL
2020-04-13,1201.500000,1214.520020,1182.329956,1210.410034,1210.410034,1935100,GOOGL
2020-04-14,1239.969971,1275.750000,1228.540039,1265.229980,1265.229980,3167900,GOOGL
2020-04-15,1246.510010,1275.109985,1234.000000,1257.300049,1257.300049,2111800,GOOGL
2020-04-16,1267.140015,1273.359985,1238.199951,1257.430054,1257.430054,2894800,GOOGL
2020-04-17,1281.699951,1290.000000,1266.000000,1279.000000,1279.000000,2552500,GOOGL
2020-04-20,1269.890015,1276.819946,1256.439941,1261.150024,1261.150024,1764600,GOOGL
2020-04-21,1242.709961,1250.000000,1205.000000,1212.160034,1212.160034,2482400,GOOGL
2020-04-22,1241.109985,1279.880005,1237.199951,1258.410034,1258.410034,2315800,GOOGL
2020-04-23,1265.739990,1288.150024,1260.530029,1271.170044,1271.170044,1710100,GOOGL
2020-04-24,1255.000000,1277.709961,1244.000000,1276.599976,1276.599976,1872000,GOOGL
2020-04-27,1292.000000,1294.099976,1265.060059,1270.859985,1270.859985,2209300,GOOGL
2020-04-28,1283.199951,1284.760010,1230.380005,1232.589966,1232.589966,4035000,GOOGL
2020-04-29,1345.000000,1360.150024,1326.729980,1342.180054,1342.180054,5417900,GOOGL
2020-04-30,1331.359985,1350.000000,1321.500000,1346.699951,1346.699951,2789200,GOOGL
2020-05-01,1324.089966,1351.430054,1309.660034,1317.319946,1317.319946,2443600,GOOGL
2020-05-04,1308.130005,1324.469971,1296.010010,1322.900024,1322.900024,1540300,GOOGL
2020-05-05,1337.500000,1371.010010,1335.030029,1349.020020,1349.020020,1983300,GOOGL
2020-05-06,1358.000000,1368.689941,1345.130005,1345.430054,1345.430054,1586600,GOOGL
2020-05-07,1361.310059,1376.000000,1352.540039,1369.280029,1369.280029,1532600,GOOGL
2020-05-08,1381.819946,1396.640015,1372.010010,1384.339966,1384.339966,1666300,GOOGL
2020-05-11,1376.790039,1415.530029,1375.500000,1403.589966,1403.589966,1635900,GOOGL
2020-05-12,1408.219971,1414.329956,1374.510010,1375.180054,1375.180054,1695900,GOOGL
2020-05-13,1376.160034,1385.329956,1328.010010,1348.329956,1348.329956,2018400,GOOGL
2020-05-14,1333.520020,1357.369995,1323.300049,1356.859985,1356.859985,1833000,GOOGL
2020-05-15,1348.260010,1374.579956,1339.000000,1373.060059,1373.060059,2077200,GOOGL
2020-05-18,1361.579956,1392.760010,1354.199951,1385.180054,1385.180054,2356400,GOOGL
2020-05-19,1385.479980,1392.489990,1373.760010,1374.400024,1374.400024,1579300,GOOGL
2020-05-20,1389.160034,1412.030029,1387.420044,1409.160034,1409.160034,1913100,GOOGL
2020-05-21,1410.989990,1416.459961,1394.390015,1406.750000,1406.750000,1544700,GOOGL
2020-05-22,1403.900024,1417.000000,1395.949951,1413.239990,1413.239990,1427200,GOOGL
2020-05-26,1441.959961,1445.109985,1419.400024,1421.369995,1421.369995,2229500,GOOGL
2020-05-27,1420.000000,1425.349976,1394.599976,1420.280029,1420.280029,1584200,GOOGL
2020-05-28,1400.000000,1444.459961,1399.079956,1418.239990,1418.239990,1758500,GOOGL
2020-05-29,1420.430054,1436.729980,1415.979980,1433.520020,1433.520020,1852200,GOOGL
2020-06-01,1425.699951,1441.579956,1422.280029,1434.869995,1434.869995,1258100,GOOGL
2020-06-02,1435.000000,1443.000000,1421.609985,1442.310059,1442.310059,1172100,GOOGL
2020-06-03,1442.699951,1449.010010,1431.619995,1439.250000,1439.250000,1386600,GOOGL
2020-06-04,1436.780029,1441.319946,1406.010010,1414.300049,1414.300049,1349100,GOOGL
2020-06-05,1415.640015,1446.300049,1407.619995,1440.020020,1440.020020,2132100,GOOGL
2020-06-08,1426.280029,1449.000000,1424.479980,1448.040039,1448.040039,1693900,GOOGL
2020-06-09,1445.239990,1467.800049,1442.359985,1452.079956,1452.079956,1681200,GOOGL
2020-06-10,1461.510010,1472.770020,1454.359985,1464.699951,1464.699951,1588100,GOOGL
2020-06-11,1441.030029,1451.599976,1398.410034,1401.900024,1401.900024,2357200,GOOGL
2020-06-12,1425.859985,1434.510010,1385.800049,1412.920044,1412.920044,1832900,GOOGL
2020-06-15,1389.489990,1425.000000,1387.199951,1420.739990,1420.739990,1523400,GOOGL
2020-06-16,1449.000000,1457.170044,1428.989990,1446.469971,1446.469971,1532400,GOOGL
2020-06-17,1452.939941,1462.199951,1435.130005,1452.540039,1452.540039,1528300,GOOGL
2020-06-18,1449.849976,1452.969971,1426.239990,1434.119995,1434.119995,1743100,GOOGL
2020-06-19,1440.000000,1444.500000,1419.000000,1424.640015,1424.640015,2639200,GOOGL
2020-06-22,1425.010010,1450.949951,1419.189941,1450.660034,1450.660034,1472100,GOOGL
2020-06-23,1452.000000,1475.199951,1445.000000,1463.979980,1463.979980,1887600,GOOGL
2020-06-24,1463.280029,1475.790039,1430.000000,1432.699951,1432.699951,1579600,GOOGL
2020-06-25,1431.219971,1442.319946,1419.540039,1441.099976,1441.099976,1197900,GOOGL
2020-06-26,1432.630005,1437.020020,1355.000000,1362.540039,1362.540039,4882000,GOOGL
2020-06-29,1360.339966,1398.000000,1351.650024,1397.170044,1397.170044,2253700,GOOGL
2020-06-30,1396.880005,1424.000000,1386.930054,1418.050049,1418.050049,2014300,GOOGL
2020-07-01,1419.170044,1448.479980,1414.180054,1442.000000,1442.000000,2109100,GOOGL
2020-07-02,1451.839966,1488.520020,1451.069946,1469.930054,1469.930054,2860900,GOOGL
2020-07-06,1488.150024,1510.000000,1476.979980,1499.650024,1499.650024,2235600,GOOGL
2020-07-07,1496.130005,1521.319946,1489.699951,1489.920044,1489.920044,2118200,GOOGL
2020-07-08,1500.800049,1511.170044,1492.300049,1503.599976,1503.599976,1588300,GOOGL
2020-07-09,1509.930054,1529.140015,1495.589966,1518.660034,1518.660034,2091800,GOOGL
2020-07-10,1513.250000,1541.339966,1500.719971,1539.010010,1539.010010,1795900,GOOGL
2020-07-13,1549.939941,1576.359985,1506.560059,1512.229980,1512.229980,2147700,GOOGL
2020-07-14,1492.790039,1522.800049,1485.930054,1520.859985,1520.859985,1905400,GOOGL
2020-07-15,1523.229980,1536.329956,1497.829956,1516.880005,1516.880005,1551300,GOOGL
2020-07-16,1501.500000,1515.910034,1488.270020,1514.920044,1514.920044,1324200,GOOGL
2020-07-17,1516.910034,1523.430054,1498.099976,1516.849976,1516.849976,1713200,GOOGL
2020-07-20,1515.000000,1569.010010,1502.699951,1563.839966,1563.839966,1508300,GOOGL
2020-07-21,1585.030029,1587.050049,1552.619995,1555.920044,1555.920044,1377700,GOOGL
2020-07-22,1555.709961,1566.979980,1543.229980,1564.849976,1564.849976,1224100,GOOGL
2020-07-23,1565.930054,1570.349976,1508.589966,1516.750000,1516.750000,1695500,GOOGL
2020-07-24,1499.189941,1515.430054,1487.589966,1508.209961,1508.209961,1495100,GOOGL
2020-07-27,1513.260010,1537.560059,1512.329956,1529.430054,1529.430054,1356200,GOOGL
2020-07-28,1525.000000,1526.010010,1500.520020,1503.650024,1503.650024,1545500,GOOGL
2020-07-29,1505.000000,1533.329956,1503.010010,1523.510010,1523.510010,1133800,GOOGL
2020-07-30,1497.969971,1540.890015,1495.170044,1538.369995,1538.369995,1802100,GOOGL
